<?xml version="1.0" encoding="UTF-8"?>
<site>
   <description url="http://ic.toone.com.cn/EJCF/">
      Eclipse Update Site for Coffee-Bytes Platform Support features.
   </description>
   <feature url="features/com.cb.eclipse.folding_1.0.8.jar" id="com.cb.eclipse.folding" version="1.0.8">
      <category name="Eclipse Java Code Folding Ex"/>
   </feature>
   <category-def name="Eclipse Java Code Folding Ex" label="Eclipse Java Code Folding Ex">
      <description>
         Features that extend/improve the Eclipse editors.
      </description>
   </category-def>
</site>
